CREATE TABLE CATEGORIA_PRODUTO (
CATEGORIAPRODUTOID  SERIAL,
DS_CATEGORIA_PRODUTO VARCHAR(50) NOT NULL,
PRIMARY KEY(CATEGORIAPRODUTOID));

CREATE TABLE CLIENTE(	
CLIENTEID        SERIAL,
TIPO_CLIENTE     CHAR(1) NOT NULL, 
CPF_CNPJ_CLIENTE VARCHAR(18) NOT NULL,
NOME_CLIENTE     VARCHAR(100) NOT NULL,
PRIMARY KEY(CLIENTEID));

CREATE TABLE PRODUTO (
PRODUTOID            SERIAL,
CATEGORIAPRODUTOID   INTEGER NOT NULL,
DS_PRODUTO           VARCHAR(50) NOT NULL,
OBS_PRODUTO          VARCHAR(300) NULL,
VL_VENDA_PRODUTO     NUMERIC(15,2) NOT NULL,
DT_CADASTRO_PRODUTO  TIMESTAMP NOT NULL,
STATUS_PRODUTO       VARCHAR(10) NOT NULL,
PRIMARY KEY(PRODUTOID),
FOREIGN KEY (CATEGORIAPRODUTOID) REFERENCES CATEGORIA_PRODUTO (CATEGORIAPRODUTOID));

CREATE TABLE ORCAMENTO(
ORCAMENTOID           SERIAL,
CLIENTEID                    INTEGER NOT NULL,
DT_ORCAMENTO          TIMESTAMP NOT NULL,
DT_VALIDADE_ORCAMENTO TIMESTAMP NOT NULL,
VL_TOTAL_ORCAMENTO    NUMERIC(15,2) NOT NULL,
PRIMARY KEY(ORCAMENTOID),
FOREIGN KEY(CLIENTEID) REFERENCES CLIENTE(CLIENTEID));


CREATE TABLE ORCAMENTO_ITEM(
ORCAMENTOID     INTEGER NOT NULL,
ORCAMENTOITEMID INTEGER NOT NULL,
PRODUTOID       INTEGER NOT NULL,
PRODUTODESC     VARCHAR(50),
QT_PRODUTO      NUMERIC(15,2) NOT NULL,
VL_UNITARIO     NUMERIC(15,2) NOT NULL,
VL_TOTAL        NUMERIC(15,2) NOT NULL,
PRIMARY KEY(ORCAMENTOID, ORCAMENTOITEMID),
FOREIGN KEY(PRODUTOID) REFERENCES PRODUTO(PRODUTOID));

CREATE TABLE USUARIOS(
ID            SERIAL PRIMARY KEY,
USUARIO       VARCHAR(30), 
NOME_COMPLETO VARCHAR(60),
SENHA         VARCHAR(50));

INSERT INTO USUARIOS VALUES (1,'ADMIN', 'ADMIN', 'A');


INSERT INTO CATEGORIA_PRODUTO (CATEGORIAPRODUTOID, DS_CATEGORIA_PRODUTO) VALUES (1,'BASIC');
INSERT INTO CATEGORIA_PRODUTO (CATEGORIAPRODUTOID, DS_CATEGORIA_PRODUTO) VALUES (2,'PLATINUM');
INSERT INTO CATEGORIA_PRODUTO (CATEGORIAPRODUTOID, DS_CATEGORIA_PRODUTO) VALUES (3,'PREMIUM');
INSERT INTO CATEGORIA_PRODUTO (CATEGORIAPRODUTOID, DS_CATEGORIA_PRODUTO) VALUES (4,'ELITE');

INSERT INTO CLIENTE (CLIENTEID, TIPO_CLIENTE, CPF_CNPJ_CLIENTE, NOME_CLIENTE) VALUES (1, 'F', '943.051.830-56','José da Silva');
INSERT INTO CLIENTE (CLIENTEID, TIPO_CLIENTE, CPF_CNPJ_CLIENTE, NOME_CLIENTE) VALUES (2, 'F', '802.202.930-07','Pedro de Oliveira');
INSERT INTO CLIENTE (CLIENTEID, TIPO_CLIENTE, CPF_CNPJ_CLIENTE, NOME_CLIENTE) VALUES (3, 'F','637.502.500-14','Maria Eduarda Meireles');
INSERT INTO CLIENTE (CLIENTEID, TIPO_CLIENTE, CPF_CNPJ_CLIENTE, NOME_CLIENTE) VALUES (4,'F', '997.192.890-66','Sandra Gomes');

INSERT INTO PRODUTO (PRODUTOID, CATEGORIAPRODUTOID , DS_PRODUTO, OBS_PRODUTO, VL_VENDA_PRODUTO, DT_CADASTRO_PRODUTO, STATUS_PRODUTO) VALUES (1, 1, 'CHAPA METALICA', 'CHAPA GENERICA', 106.22, '18/02/2023', 'ATIVO');
INSERT INTO PRODUTO (PRODUTOID, CATEGORIAPRODUTOID , DS_PRODUTO, OBS_PRODUTO, VL_VENDA_PRODUTO, DT_CADASTRO_PRODUTO, STATUS_PRODUTO) VALUES (2, 1, 'FOLHA METALICA', 'FOLHA GENERICA', 10.88, '18/02/2023', 'ATIVO');
INSERT INTO PRODUTO (PRODUTOID, CATEGORIAPRODUTOID , DS_PRODUTO, OBS_PRODUTO, VL_VENDA_PRODUTO, DT_CADASTRO_PRODUTO,  STATUS_PRODUTO) VALUES (3, 3, 'CHAPA DOURADA', 'CHAPA ESPECIFICA', 158.88, '18/02/2023', 'ATIVO');
INSERT INTO PRODUTO (PRODUTOID, CATEGORIAPRODUTOID , DS_PRODUTO, OBS_PRODUTO, VL_VENDA_PRODUTO, DT_CADASTRO_PRODUTO, STATUS_PRODUTO) VALUES (4, 4, 'FOLHA DIAMANTE', 'FOLHA UNICA', 665.33, '18/02/2023', 'ATIVO');

INSERT INTO ORCAMENTO (ORCAMENTOID, CLIENTEID, DT_ORCAMENTO, DT_VALIDADE_ORCAMENTO, VL_TOTAL_ORCAMENTO) VALUES (1, 1, '18/02/2023', '19/02/2023', 10700.00);
INSERT INTO ORCAMENTO (ORCAMENTOID, CLIENTEID, DT_ORCAMENTO, DT_VALIDADE_ORCAMENTO, VL_TOTAL_ORCAMENTO) VALUES (2, 3, '17/02/2023', '19/02/2023', 2700.00);
INSERT INTO ORCAMENTO (ORCAMENTOID, CLIENTEID, DT_ORCAMENTO, DT_VALIDADE_ORCAMENTO, VL_TOTAL_ORCAMENTO) VALUES (3, 4, '18/02/2023', '19/02/2023', 1200.00);
INSERT INTO ORCAMENTO (ORCAMENTOID, CLIENTEID, DT_ORCAMENTO, DT_VALIDADE_ORCAMENTO, VL_TOTAL_ORCAMENTO) VALUES (4, 2, '17/02/2023', '19/02/2023', 8000.00);

INSERT INTO ORCAMENTO_ITEM (ORCAMENTOITEMID, ORCAMENTOID, PRODUTOID, PRODUTODESC, QT_PRODUTO, VL_UNITARIO, VL_TOTAL) VALUES (1, 1, 1, 'CHAPA METALICA', 10, 100.00, 1000.00);
INSERT INTO ORCAMENTO_ITEM (ORCAMENTOITEMID, ORCAMENTOID, PRODUTOID, PRODUTODESC, QT_PRODUTO, VL_UNITARIO, VL_TOTAL) VALUES (2, 1, 2, 'FOLHA METALICA', 20, 10.00, 200.00);
INSERT INTO ORCAMENTO_ITEM (ORCAMENTOITEMID, ORCAMENTOID, PRODUTOID, PRODUTODESC, QT_PRODUTO, VL_UNITARIO, VL_TOTAL) VALUES (3, 1, 4, 'FOLHA DIAMANTE', 30, 500.00, 1500.00);
INSERT INTO ORCAMENTO_ITEM (ORCAMENTOITEMID, ORCAMENTOID, PRODUTOID, PRODUTODESC, QT_PRODUTO, VL_UNITARIO, VL_TOTAL) VALUES (4, 1, 3, 'CHAPA DOURADA', 40, 200.00, 8000.00);
INSERT INTO ORCAMENTO_ITEM (ORCAMENTOITEMID, ORCAMENTOID, PRODUTOID, PRODUTODESC, QT_PRODUTO, VL_UNITARIO, VL_TOTAL) VALUES (1, 2, 1, 'CHAPA METALICA', 10, 100.00, 1000.00);
INSERT INTO ORCAMENTO_ITEM (ORCAMENTOITEMID, ORCAMENTOID, PRODUTOID, PRODUTODESC, QT_PRODUTO, VL_UNITARIO, VL_TOTAL) VALUES (2, 2, 2, 'FOLHA METALICA', 20, 10.00, 200.00);
INSERT INTO ORCAMENTO_ITEM (ORCAMENTOITEMID, ORCAMENTOID, PRODUTOID, PRODUTODESC, QT_PRODUTO, VL_UNITARIO, VL_TOTAL) VALUES (3, 2, 4, 'FOLHA DIAMANTE', 30, 500.00, 1500.00);
INSERT INTO ORCAMENTO_ITEM (ORCAMENTOITEMID, ORCAMENTOID, PRODUTOID, PRODUTODESC, QT_PRODUTO, VL_UNITARIO, VL_TOTAL) VALUES (1, 3, 1, 'CHAPA METALICA', 10, 100.00, 1000.00);
INSERT INTO ORCAMENTO_ITEM (ORCAMENTOITEMID, ORCAMENTOID, PRODUTOID, PRODUTODESC, QT_PRODUTO, VL_UNITARIO, VL_TOTAL) VALUES (2, 3, 2, 'FOLHA METALICA', 20, 10.00, 200.00);
INSERT INTO ORCAMENTO_ITEM (ORCAMENTOITEMID, ORCAMENTOID, PRODUTOID, PRODUTODESC, QT_PRODUTO, VL_UNITARIO, VL_TOTAL) VALUES (1, 4, 3, 'CHAPA DOURADA', 40, 200.00, 8000.00);

select * from PRODUTO where status_produto  like ('%ATIVO%');

select PRODUTO.DS_PRODUTO,
categoria_produto.ds_categoria_produto 
 from PRODUTO 
 inner join CATEGORIA_PRODUTO
 on PRODUTO.produtoid  = categoria_produto.categoriaprodutoid ;

select * from PRODUTO where vl_venda_produto >= 50;

select cliente.NOME_CLIENTE,
 orcamento all
 from cliente 
 inner join orcamento
 on cliente.clienteid = orcamento.clienteid  ;

select * from produto p ;

update produto p 
set dt_cadastro_produto = '2026-02-18'
where p.dt_cadastro_produto = '2023-02-18';

update orcamento
set dt_validade_orcamento = '2026-02-19'
where dt_validade_orcamento = '2023-02-19';

select * from orcamento o;	

update orcamento
set dt_orcamento = '2026-02-17'
where dt_orcamento = '2023-02-17';

select produto.ds_produto,
 orcamento_item all,
 categoria_produto.ds_categoria_produto
 from produto 
 inner join orcamento_item
 on produto.produtoid  = orcamento_item.orcamentoitemid
 inner join categoria_produto on produto.produtoid = categoria_produto.categoriaprodutoid ;

select dt_orcamento from  orcamento 
where dt_orcamento >= '01/02/2026' and  dt_orcamento <= '18/02/2026';

select dt_validade_orcamento  from orcamento where dt_validade_orcamento < current_DATE;

select produtodesc, MAX(vl_total) from orcamento_item
group by produtodesc;

select MAX(VL_UNITARIO) from orcamento_item;

select sum(vl_total_orcamento) from orcamento;

select orcamentoitemid, sum(qt_produto) from orcamento_item
group by orcamentoitemid;

